MONTH_STRING,TONNAGE
January,54.71
February,62.88
March,68.58
April,81.13000000000001
May,36.150000000000006
June,49.4
