Month,Year,TONNAGE
April,2023,81.13000000000001
February,2023,62.88
January,2023,54.71
June,2023,49.4
March,2023,68.58
May,2023,36.150000000000006
